347688,850506,n:1,
23560,856012,1:1,1240377
91734,855986,n:1,
HUMAN00037,855986,n:1,922020
5214,853155,n:m,
5214,855245,n:m,1206392
10531,852041,1:1,
83592,852446,n:m,
83592,851974,n:m,
83592,856504,n:m,
83592,853559,n:m,
83592,854287,n:m,
1645,852446,n:m,
1645,851974,n:m,
1645,856504,n:m,
1645,853559,n:m,
1645,854287,n:m,
1646,852446,n:m,
1646,851974,n:m,855407
1646,856504,n:m,
1646,853559,n:m,
1646,854287,n:m,
8644,852446,n:m,
8644,851974,n:m,
8644,856504,n:m,
8644,853559,n:m,
8644,854287,n:m,
340811,852446,n:m,
340811,851974,n:m,
340811,856504,n:m,
340811,853559,n:m,
340811,854287,n:m,
810,852406,n:1,
2665,856876,n:1,
5209,853286,n:1,
509,852327,1:1,1177657
26019,856476,1:1,1216490
55176,851095,n:1,
11164,852408,1:1,1143983
8872,850912,1:1,1245352
414149,852925,n:1,929105
9397,850892,n:1,
9200,853348,n:1,1216526
8027,856387,n:1,961652
22921,850324,n:1,
9790,855884,1:1,761662
100287932,855751,1:1,
1103,854965,n:1,918630
55753,854681,n:1,
7321,852376,n:m,
7321,851631,n:m,
64081,856424,1:1,954593
1763,856569,1:1,855126
8034,856391,n:m,
8034,856121,n:m,917335
9559,853393,n:1,
56681,855883,n:1,953175
8879,851888,1:1,1183922
55315,851211,n:1,673898
5532,851153,n:m,
5532,854946,n:m,1195472
132,853569,1:1,
7417,854692,n:m,1225581
7417,855669,n:m,
11128,854283,1:1,1247541
6229,856805,1:1,1162981
10105,851733,n:m,962047
10105,851898,n:m,
10105,856454,n:m,
10105,854897,n:m,
4143,852113,n:m,
4143,850877,n:m,1242241
2746,851237,n:m,
2746,854557,n:m,1238198
9562,851299,1:m,
9562,852389,1:m,
9562,852390,1:m,
9562,856625,1:m,
84896,852915,1:1,961435
142910,853717,n:1,
8513,853717,n:1,
643414,853717,n:1,
643418,853717,n:1,
340654,853717,n:1,
3988,853717,n:1,1149512
387700,853659,n:m,
387700,855598,n:m,
387700,854030,n:m,
387700,854483,n:m,
53354,852144,1:1,
10556,856459,1:1,1219099
9044,856023,1:1,924410
3416,851105,1:1,937091
54536,852618,n:1,
159371,855864,1:1,
64318,850688,1:1,
3070,850599,1:1,961578
23223,856095,1:1,719374
5223,853705,n:1,820498
64210,854678,1:1,
2805,850714,n:1,1175571
81894,853308,n:m,
81894,853926,n:m,
57089,856722,n:1,
1355,856884,1:1,1241986
1244,851713,n:1,
55280,852985,1:1,
25956,851332,n:1,1210947
81855,854445,n:1,
10121,856530,n:1,
729020,853322,n:1,
6877,852497,1:1,960976
22984,855269,1:1,961105
7511,850630,1:1,1249422
9126,853371,1:1,960930
51703,856734,n:1,
143187,855237,n:1,839249
55088,854370,n:1,
8661,852371,1:1,961001
7073,855716,n:1,
196051,851878,n:1,788270
9184,854191,1:1,
4942,851158,1:1,1192320
HUMAN03300,854746,n:1,1229323
399818,854746,n:1,
1488,856814,1:1,
7390,854452,1:1,891573
56647,851963,1:1,674644
10539,856921,1:1,1244398
55844,852685,n:1,
10570,854845,n:1,
10844,856577,1:1,718627
196743,855034,1:1,
23410,856092,n:1,
5719,852037,1:1,670597
6888,852934,1:m,
6888,851068,1:m,
6181,851990,1:m,1230107
6181,854118,1:m,
5441,854385,1:1,1226617
161,852243,n:1,
1509,855949,n:1,961140
4676,853922,n:1,
833,855474,1:1,1230219
4928,852788,1:1,1240450
6240,854744,1:m,
6240,856801,1:m,710369
196120,855499,n:1,
390031,855499,n:1,
441584,855499,n:1,
143506,855499,n:1,
390033,855499,n:1,
27288,852042,1:1,
51700,854768,n:m,
51700,853707,n:m,
51700,854914,n:m,906883
51700,854887,n:m,
6157,852775,1:1,1242800
10527,853596,n:1,1251382
272,854973,n:1,
9646,854020,1:1,960965
1315,851824,1:1,696534
5682,855362,1:1,1218161
6207,851636,1:1,1223444
7251,850349,1:1,961321
54503,851857,n:m,
54503,854199,n:m,
10553,856721,1:1,
1479,855083,1:1,
55226,855591,1:1,662632
847,851843,1:1,854756
51074,853481,1:1,1177255
51144,852456,n:1,728738
91252,854789,1:1,961897
5702,854284,1:1,960908
2346,853590,n:1,
6749,854933,1:1,1226213
29015,855261,n:1,961546
8501,855261,n:1,
26519,856395,1:1,923278
219539,852231,n:1,
HUMAN06067,854424,1:1,1243281
5007,856472,1:1,
HUMAN06225,855221,n:m,
HUMAN06225,855844,n:m,
51296,853968,n:1,
643834,855949,n:1,
643847,855949,n:1,
5222,855949,n:1,
26007,850491,1:m,
26007,854932,1:m,1211840
HUMAN06433,854083,n:1,1228294
54949,854083,n:1,
2237,853747,1:1,1249877
1937,853781,1:m,
1937,856059,1:m,856062
23193,852530,n:1,807290
5436,852013,1:1,1212642
10482,855934,1:1,751964
6811,850713,1:1,1210517
10963,854192,1:1,961104
83707,854051,1:1,942173
HUMAN06837,852131,1:1,
51504,855782,1:1,1160045
25824,850799,1:1,
5837,856289,n:1,
7536,850807,1:1,
7108,855441,n:1,801284
57410,854279,1:1,
10524,854418,1:1,721044
80198,851994,1:1,1198339
81876,850505,1:1,
254263,852511,n:m,
254263,852826,n:m,
65003,855536,1:1,1189787
HUMAN07399,854097,1:1,1133922
9973,855054,1:1,1148127
5499,856870,n:1,
10312,855076,n:m,
10312,854444,n:m,
1374,854965,n:1,
3508,853852,1:1,691038
55191,856473,1:1,952460
HUMAN08062,856514,n:1,
5870,850966,n:1,
7351,852594,n:m,
7351,853558,n:m,
7351,854397,n:m,
7351,855969,n:m,
7352,851063,n:1,
51400,856474,1:1,955140
283209,855321,n:1,1189055
6188,855543,1:1,1232428
80168,854419,n:1,
84649,854419,n:1,
55331,852481,1:m,947701
55331,856018,1:m,
5058,854036,n:1,963960
79053,854233,1:1,676021
79731,850388,1:1,1184760
60492,850498,1:1,
10873,853839,n:1,
10003,853590,n:1,
4361,855264,1:1,
84259,850819,n:1,
38,856079,1:1,
5519,851217,n:1,714821
79796,855502,1:1,1243727
1737,855653,1:1,1246041
26521,853600,n:1,1239988
25996,850748,1:1,
8882,853125,1:1,1234546
372,850612,1:1,750832
1656,851394,1:1,961121
6230,852911,1:m,1155113
6230,851045,1:m,
55823,855271,1:1,1224316
3145,851322,1:1,
3014,852283,n:m,
3014,851811,n:m,
1798,852545,1:1,1229444
9099,855263,n:1,
6309,850745,1:1,
3312,851259,n:m,961072
3312,852203,n:m,
3312,856840,n:m,
3312,850636,n:m,
3703,852862,n:1,
83480,850550,1:1,
29118,854211,n:1,
28960,850974,1:m,
28960,854344,1:m,1232852
112936,853393,n:1,696592
5927,855214,1:1,1164954
79602,852102,n:m,
79602,854160,n:m,822401
775,853131,n:1,
56341,852322,n:1,904862
6843,851203,n:m,
6843,854505,n:m,
9918,850977,1:1,1134597
2597,853106,n:m,1245546
2597,853395,n:m,
2597,853465,n:m,
51147,856490,n:1,
8078,852349,n:1,1174326
HUMAN10804,851620,1:1,1198214
2026,853169,n:m,
2026,856579,n:m,1250151
2026,855373,n:m,
2026,854575,n:m,
11331,853146,1:1,960978
10436,850883,1:1,
144195,851352,n:m,
144195,851943,n:m,
144195,851944,n:m,
144195,851946,n:m,
144195,851995,n:m,
144195,852108,n:m,
144195,852149,n:m,
144195,856640,n:m,
144195,850536,n:m,
144195,856492,n:m,
144195,856494,n:m,
144195,856496,n:m,
144195,853236,n:m,
144195,853216,n:m,
144195,853623,n:m,
144195,850770,n:m,
144195,855023,n:m,
144195,855398,n:m,
144195,855809,n:m,
144195,854009,n:m,
144195,854050,n:m,
6515,851352,n:m,
6515,851943,n:m,
6515,851944,n:m,
6515,851946,n:m,
6515,851995,n:m,
6515,852108,n:m,
6515,852149,n:m,
6515,856640,n:m,
6515,850536,n:m,
6515,856492,n:m,
6515,856494,n:m,
6515,856496,n:m,
6515,853236,n:m,
6515,853216,n:m,
6515,853623,n:m,
6515,850770,n:m,
6515,855023,n:m,
6515,855398,n:m,
6515,855809,n:m,
6515,854009,n:m,
6515,854050,n:m,
23710,852200,n:1,
255308,856746,n:1,
51202,856462,1:1,960909
8360,852294,n:1,
55766,852283,n:m,
55766,851811,n:m,
397,851420,n:1,1209699
85004,850392,n:1,
HUMAN11511,855860,n:1,
93661,853862,n:1,
51026,855337,n:1,1235578
2998,850569,n:m,
2998,850962,n:m,1151940
586,856615,n:m,
586,853613,n:m,1247721
51290,854935,1:1,889781
10526,853596,n:1,
1663,856099,1:1,901416
10059,850686,1:1,1242952
51067,856007,1:1,1245453
84920,853142,n:1,1245283
144245,853142,n:1,
225,853647,n:m,
225,855956,n:m,
114134,851352,n:m,
114134,851943,n:m,
114134,851944,n:m,
114134,851946,n:m,
114134,851995,n:m,
114134,852108,n:m,
114134,852149,n:m,
114134,856640,n:m,
114134,850536,n:m,
114134,856492,n:m,
114134,856494,n:m,
114134,856496,n:m,
114134,853236,n:m,
114134,853216,n:m,
114134,853623,n:m,
114134,850770,n:m,
114134,855023,n:m,
114134,855398,n:m,
114134,855809,n:m,
114134,854009,n:m,
114134,854050,n:m,961326
5756,852971,n:1,917298
54407,852189,n:m,961924
54407,856855,n:m,
HUMAN12265,853155,n:m,1206396
HUMAN12265,855245,n:m,
HUMAN12370,852462,n:m,
HUMAN12370,854261,n:m,
377,851335,n:m,
377,851418,n:m,
5571,852763,1:1,927377
121268,850392,n:1,
10376,854915,n:m,
10376,854889,n:m,674824
7846,854915,n:m,
7846,854889,n:m,
84790,854915,n:m,
84790,854889,n:m,
6602,855757,n:1,834491
2819,851539,n:m,
2819,854095,n:m,1177216
4891,856447,n:m,
4891,850721,n:m,
4891,854027,n:m,
5204,854879,1:1,1219605
60314,856900,1:1,1154443
HUMAN13169,856097,n:1,1207839
1017,852457,n:1,
5869,853884,n:m,961232
5869,855631,n:m,
5869,854256,n:m,
6231,856868,1:m,1247838
6231,852686,1:m,
HUMAN13477,854154,1:1,1248270
1431,850361,1:m,
1431,855732,1:m,1247973
9924,852786,1:1,808606
506,853585,1:1,1198485
5557,854825,1:1,1197343
6472,852565,n:m,1246359
6472,850747,n:m,
4141,853181,1:1,1236081
4234,851326,1:1,1239663
9194,853659,n:m,
9194,855598,n:m,
9194,854030,n:m,
9194,854483,n:m,
23041,855420,1:1,872973
11260,853630,1:1,752800
253827,850324,n:1,1220080
51643,855411,n:1,841407
5908,853056,n:1,961429
8089,855616,1:1,1187868
10576,854664,1:1,847239
11103,850298,1:1,1191971
4673,853922,n:1,954795
23390,851857,n:m,961192
23390,854199,n:m,
490,852878,n:1,707421
7334,851666,n:1,828832
10988,852187,1:1,
6636,856312,1:1,1164604
4048,855682,1:1,806340
5250,856779,1:1,
55681,852797,1:1,1242667
27340,852282,1:1,1240876
400,852462,n:m,
400,854261,n:m,
55703,854382,1:1,1185728
11137,850893,1:1,699505
23479,854401,1:m,
23479,855968,1:m,
55530,854916,1:1,
32,855247,n:m,
32,855750,n:m,
4598,855248,1:1,1143919
488,851608,n:m,
488,851609,n:m,
488,851610,n:m,
10094,851085,1:1,1179715
51184,850944,1:1,
160760,856475,1:1,697327
5501,856870,n:1,1195466
8315,856376,1:1,1230078
217,856804,n:m,
217,855205,n:m,
217,855206,n:m,
217,854556,n:m,950128
217,856044,n:m,
79039,851530,1:1,961018
10993,850295,n:1,1193222
113675,850295,n:1,
9904,856228,1:1,961023
5985,855426,1:1,960968
10985,852680,1:1,
6175,851052,1:1,1228648
8655,852034,n:1,
84274,854930,1:1,661114
5715,854810,1:1,1203908
6249,850570,1:1,
8562,853471,1:1,1203999
9026,855478,n:1,1249290
HUMAN16083,850885,n:m,
HUMAN16083,855858,n:m,
10959,852675,n:1,1237754
57696,850549,1:1,960958
1967,853896,1:1,1199158
2967,856169,1:1,1228074
23545,855076,n:m,1180675
23545,854444,n:m,
121260,853968,n:1,961361
2054,855221,n:m,
2054,855844,n:m,
5901,851000,1:m,
5901,854357,1:m,960994
80324,852817,1:m,1236822
80324,855889,1:m,
5426,855459,1:1,1251494
7278,854915,n:m,
7278,854889,n:m,
221143,852884,1:1,1223249
253832,852070,n:1,
4285,853724,1:1,874434
479,851608,n:m,
479,851609,n:m,
479,851610,n:m,
9818,852703,1:1,
51761,851207,n:1,
6144,852489,1:m,1215447
6144,856026,1:m,
51082,855609,1:1,
10808,852467,n:m,
10808,855998,n:m,
23047,855099,n:1,672625
5983,852383,1:1,960918
29880,855874,1:1,775151
10166,852401,n:m,
10166,854267,n:m,
10166,854297,n:m,917344
10166,856171,n:m,
9617,852734,1:1,
79612,851521,n:1,
7178,853809,1:1,1144315
253512,853739,n:1,
83548,856901,1:1,842283
1361,856533,n:1,
3936,851707,n:1,960933
2098,853377,1:1,766975
HUMAN17004,853159,n:1,948888
81617,853646,n:1,
540,851862,n:1,
440138,855679,1:1,
9724,854881,n:1,
22894,854138,1:1,960937
7347,853562,1:1,1220440
HUMAN17436,855356,n:1,1247118
9375,851685,n:m,
9375,850772,n:m,698605
259232,853131,n:1,961083
2073,853174,1:1,
3981,854166,1:1,1189349
84945,855396,1:1,955139
3621,855626,1:1,
55795,853546,1:1,1226651
8451,852886,n:1,
55208,850819,n:1,
8881,853846,1:1,961367
55644,853910,1:1,1249977
4860,850906,1:1,1246935
11198,852665,1:1,1227293
1603,854270,1:1,
63874,853007,1:m,
63874,850788,1:m,
5018,856898,1:1,1174666
10419,852431,1:1,1240789
5693,856218,1:1,1240701
4624,856418,n:1,
4625,856418,n:1,
8906,856141,n:1,
79711,856846,1:1,1247119
29082,850712,n:1,
145553,856873,1:1,1246275
HUMAN18669,851717,n:1,
4738,851717,n:1,961067
161424,853445,1:1,1231352
23256,851770,1:1,678908
1073,850676,n:1,927478
6729,856203,1:1,960823
HUMAN19088,852873,1:1,1218159
89874,852594,n:m,
89874,853558,n:m,
89874,854397,n:m,
89874,855969,n:m,917326
10484,856311,n:1,
84075,853433,1:1,
6235,851498,1:m,1194523
6235,851104,1:m,
6166,856544,n:1,
9147,856098,1:1,1238470
79609,855707,1:1,887315
5836,856289,n:1,
30001,854909,n:1,
5706,854433,1:1,960898
64841,850529,1:1,758134
10175,852511,n:m,1169415
10175,852826,n:m,
2643,853183,1:1,1247033
11169,856254,1:1,1244166
10640,850863,1:1,1247447
5684,854544,1:1,1218157
387990,852973,n:1,
26520,856693,1:1,1175661
HUMAN19669,851558,n:1,
145389,852189,n:m,
145389,856855,n:m,961186
161291,850456,n:m,
161291,855784,n:m,
81537,853307,n:1,708085
4522,852378,n:m,
4522,853118,n:m,
3306,851259,n:m,
3306,852203,n:m,
3306,856840,n:m,
3306,850636,n:m,
2877,852546,n:m,
2877,854855,n:m,
2877,853842,n:m,
2342,851468,1:1,
51382,856659,1:1,1204205
1965,853463,1:1,1198680
384,855993,n:1,1234338
10490,855237,n:1,
51109,854420,n:1,
145226,854420,n:1,
55334,854246,1:1,961219
145482,854908,n:1,
51004,853170,1:1,663174
957,856669,n:1,861593
51077,851939,1:1,1227441
1743,851726,1:1,1246039
8892,850998,1:1,1199159
10972,852675,n:1,
11161,856767,1:1,867694
29954,851210,1:m,960955
29954,853113,1:m,
29954,854499,1:m,
10598,851800,1:1,
9517,851634,n:1,957337
57143,850955,1:1,
6400,850904,1:1,961793
55775,852525,1:1,
5700,851557,1:1,960910
805,852406,n:1,960983
55671,855520,n:1,
123096,852401,n:m,
123096,854267,n:m,
123096,854297,n:m,
123096,856171,n:m,
283600,852401,n:m,917355
283600,854267,n:m,
283600,854297,n:m,
283600,856171,n:m,
7453,854056,1:1,1245454
1778,853928,1:1,671266
3320,855224,n:m,
3320,855836,n:m,
1983,856154,1:1,960902
115708,853317,1:1,1228767
122622,855501,n:1,
2972,853161,1:1,709383
727832,851957,1:1,
HUMAN21814,851018,n:1,
51234,852620,1:1,1235149
55505,856471,1:1,1187895
440275,851877,1:1,1249313
701,853100,1:1,962715
5888,856831,1:1,1192905
57617,850840,1:1,761389
79094,856910,n:1,
23168,852607,1:1,961231
2595,852530,n:1,
2923,850314,n:m,
2923,852130,n:m,
10169,851473,n:1,
79968,851399,1:1,1158633
8669,850889,1:1,
6652,851351,1:m,
6652,853624,1:m,
6652,850759,1:m,
HUMAN22958,852554,1:1,
2585,852308,1:m,1143917
2585,851572,1:m,
11001,852329,n:1,
123169,854290,1:1,961633
55930,854504,1:1,961358
51187,850695,1:1,
HUMAN23218,852735,1:1,
8854,856804,n:m,950132
8854,855205,n:m,
8854,855206,n:m,
8854,854556,n:m,
8854,856044,n:m,
4643,853729,n:m,
4643,855136,n:m,
2958,853807,1:1,788720
54832,850619,n:1,697498
7168,855645,n:1,
51065,856415,n:m,
51065,853700,n:m,1241942
9960,855263,n:1,
5479,851733,n:m,
5479,851898,n:m,961475
5479,856454,n:m,
5479,854897,n:m,
10845,852528,1:1,1248617
8766,856753,n:m,
8766,852662,n:m,961130
6124,852319,1:m,1251119
6124,851575,1:m,
6176,851427,1:m,
6176,851478,1:m,
5315,851193,n:m,1235045
5315,854529,n:m,
25820,853887,1:1,961006
4351,856720,1:1,1153917
9377,856448,1:1,906233
4123,852721,1:1,1180298
25942,854158,1:1,961553
55272,856553,1:1,1174112
2108,856112,1:1,829651
3419,854303,1:1,1217811
HUMAN24527,855661,n:1,
5685,853036,1:1,1218160
10933,856134,1:1,
23423,851226,n:m,
23423,854181,n:m,1237761
10588,856932,n:1,
100528021,856932,n:1,877874
79631,855558,1:1,961099
6218,852058,1:m,
6218,854984,1:m,1214854
23478,854840,n:1,925865
5428,854508,1:1,1216847
HUMAN25005,853429,n:1,1247165
3418,851493,n:m,
3418,850871,n:m,
3418,855723,n:m,
1106,856911,n:1,
220,856804,n:m,
220,855205,n:m,
220,855206,n:m,
220,854556,n:m,
220,856044,n:m,
51728,851615,1:1,1239691
55692,851471,1:1,961423
398,851420,n:1,
64714,850314,n:m,
64714,852130,n:m,962632
26063,855518,1:1,
89941,851249,n:1,
84264,851865,n:m,775295
84264,854205,n:m,
64428,855481,1:1,929970
7329,851495,1:1,828831
10101,854814,n:m,961177
10101,852789,n:m,
3029,851865,n:m,
3029,854205,n:m,
81889,855553,1:1,1199762
6123,854229,n:1,
6187,852754,1:1,1166785
10607,850919,1:1,960954
64223,855726,1:1,960934
283871,851362,n:1,1211389
527,856686,1:m,1152270
527,855842,1:m,
23524,856020,1:1,
51025,853340,1:1,
9093,850530,1:1,960830
124404,850358,n:m,
124404,856507,n:m,
124404,853539,n:m,
56052,852407,1:1,1228374
18,852902,1:1,
5373,850499,n:1,1153490
4682,854814,n:m,
4682,852789,n:m,960952
780776,851657,n:1,
2935,851752,n:1,
2072,856085,1:1,1224699
54700,853734,1:1,
4629,856418,n:1,
HUMAN26860,851713,n:1,961128
6210,853249,1:m,1250978
6210,851082,1:m,
10229,854292,1:1,1186313
55623,852619,1:1,1241016
23062,856508,n:1,
124454,854124,1:1,
5347,855013,1:1,961548
51451,852045,1:1,1231700
728689,855357,n:1,
1201,853387,n:1,802269
1201,853387,n:1,
8663,855357,n:1,
7284,854359,1:1,960824
23475,850608,1:1,1250052
10423,856229,1:1,1243414
9344,852119,n:1,
5531,851513,n:m,
5531,851647,n:m,
5531,855766,n:m,
5595,852265,n:m,
5595,852931,n:m,962223
5595,856425,n:m,
5595,850803,n:m,
HUMAN27800,852652,1:1,897991
HUMAN27892,850568,1:1,
112755,855221,n:m,
112755,855844,n:m,780107
6810,855221,n:m,
6810,855844,n:m,
10295,854769,n:m,1221378
10295,852821,n:m,
55737,853287,1:1,1241919
84706,851690,1:m,
84706,850778,1:m,
10294,855661,n:1,961069
85320,853198,n:1,
9688,850552,1:1,1244777
5432,854791,1:1,1237243
1459,854776,n:1,
23019,850455,1:1,
55238,854721,1:1,961755
2806,850714,n:1,
8883,856104,1:1,
57546,854257,n:1,673980
9114,851168,n:1,1250067
10204,856727,1:1,1135633
84916,851924,1:1,961473
HUMAN29348,856303,n:1,
27183,856303,n:1,960993
51388,855890,1:1,1251552
28987,854221,1:1,1228843
11060,856862,n:1,
16,854513,1:1,1226431
11269,854211,n:1,961031
HUMAN29472,854211,n:1,
55308,854211,n:1,
25839,856220,1:1,
23450,854956,1:1,670847
55697,851102,1:1,1203151
164,856141,n:1,715058
1723,853664,1:1,
5713,854435,1:1,1244912
79152,855315,1:1,915201
79726,851706,1:1,1231317
197257,851380,1:1,
11345,852200,n:1,
3735,851607,1:1,1184759
22879,852753,n:1,
2653,851254,1:1,
54758,855865,1:1,961047
4597,855779,1:1,1234070
353,854986,1:1,
6137,851477,1:m,
6137,855173,1:m,1215811
10381,850506,n:1,
55275,853423,1:1,
29928,851309,1:1,1203211
7531,851676,1:m,1248118
7531,856924,1:m,
124935,855261,n:1,
10594,856570,1:1,780606
6117,851266,1:1,1227483
1801,854703,1:1,1226940
124641,854454,1:1,762076
63826,853662,1:1,1193211
55720,851499,1:1,761663
5048,854443,1:1,
23277,855025,1:1,1221263
1497,850438,1:1,
5694,853456,1:1,1240700
8402,851063,n:1,
2027,853169,n:m,
2027,856579,n:m,
2027,855373,n:m,
2027,854575,n:m,1250152
56919,853784,1:1,1225075
11337,852200,n:1,770260
6517,851352,n:m,
6517,851943,n:m,
6517,851944,n:m,
6517,851946,n:m,
6517,851995,n:m,
6517,852108,n:m,
6517,852149,n:m,
6517,856640,n:m,
6517,850536,n:m,
6517,856492,n:m,
6517,856494,n:m,
6517,856496,n:m,
6517,853236,n:m,
6517,853216,n:m,
6517,853623,n:m,
6517,850770,n:m,
6517,855023,n:m,
6517,855398,n:m,
6517,855809,n:m,
6517,854009,n:m,
6517,854050,n:m,
1984,853506,n:1,
HUMAN31425,851415,1:1,1247539
1973,851584,n:m,962043
1973,853303,n:m,
9196,855385,n:m,
9196,856017,n:m,
58485,854898,1:1,930173
HUMAN31627,851203,n:m,
HUMAN31627,854505,n:m,
6844,851203,n:m,
6844,854505,n:m,795666
5198,852952,1:1,1222659
399512,853739,n:1,917334
29098,853537,1:1,1221866
6154,852922,n:m,
6154,851058,n:m,
4628,856418,n:1,
8735,856418,n:1,
4626,856418,n:1,
4622,856418,n:1,
4619,856418,n:1,
4620,856418,n:1,
4621,856418,n:1,
6341,852325,n:1,877311
60528,853954,1:1,
100533496,851657,n:1,
201158,851657,n:1,
9487,855324,1:1,1160263
10400,853536,1:1,751901
146691,851960,1:1,965990
1819,853083,1:1,710170
6470,852565,n:m,
6470,850747,n:m,
51030,851657,n:1,1236231
55244,856427,n:1,961064
224,855137,n:1,
146802,856427,n:1,
218,855137,n:1,
23326,855263,n:1,961273
94005,852044,1:1,1233499
6830,853011,1:1,1233274
6147,853993,1:1,961146
147015,854420,n:1,
57551,852119,n:1,
84940,851148,1:1,
642,855482,1:1,
9527,856354,1:1,696798
55288,851249,n:1,1251433
5717,851461,1:1,1214098
10693,851768,n:1,
54475,850435,1:1,960940
5193,855041,1:1,
284098,853354,1:1,1247072
79922,854376,1:1,
26574,851893,1:1,1245308
31,855247,n:m,
31,855750,n:m,1209208
6871,852059,n:1,1247012
11056,852704,1:1,961366
5691,856830,1:1,1240697
9349,852191,1:1,
6143,852254,1:1,961025
93210,850411,1:1,1214475
94103,852926,n:m,
94103,851064,n:m,
5709,856742,1:1,
990,853244,1:1,1203561
7153,855636,n:1,
10209,855477,n:1,
5878,853884,n:m,
5878,855631,n:m,
5878,854256,n:m,
535,855076,n:m,
535,854444,n:m,1180674
7283,850909,n:1,674819
27175,850909,n:1,
84313,853566,1:1,894256
80755,855688,n:1,1226432
HUMAN33984,855688,n:1,
6155,852082,1:m,
6155,856401,1:m,1168143
1659,856732,1:1,1225071
124801,856521,1:1,
51629,853173,n:1,
4836,850892,n:1,
79877,851777,1:1,855086
113026,855860,n:1,
4905,852372,1:1,961137
996,852194,1:1,961295
4635,852772,n:1,
9520,856443,n:m,
9520,853699,n:m,806341
3837,851061,1:1,1209372
55163,852323,1:1,1174454
51226,856097,n:1,
11267,856105,1:1,1170650
5245,853033,1:1,960911
HUMAN34807,855832,n:1,698764
5164,854769,n:m,
5164,852821,n:m,
80221,852523,1:1,
8714,851713,n:1,
HUMAN35035,853798,1:1,
51096,853376,1:1,
140735,852034,n:1,1224559
6827,852955,1:1,1215833
645545,855043,n:1,
388403,852231,n:1,
1213,852666,n:1,
342538,856600,1:1,1219835
51204,852904,1:1,1247605
117246,850304,1:1,1166749
5705,852834,1:1,960903
6603,855757,n:1,
6329,853131,n:1,
5718,851408,1:1,1199113
55062,850577,n:1,
5573,854778,n:1,
6169,851035,1:1,
2232,851982,1:1,921724
3396,854035,1:1,
6613,852122,n:1,1206697
60386,852988,1:1,917332
3021,852295,n:1,698037
51,852667,n:1,
1018,852457,n:1,
6730,855833,1:1,
23265,853359,1:1,751795
9489,850352,1:1,1250918
339221,856699,n:1,
9775,851584,n:m,
9775,853303,n:m,
57521,856593,1:1,834546
79643,855101,1:1,672118
71,850504,1:1,
55666,852468,1:1,1229185
6182,852811,1:1,1248914
1468,851063,n:1,
5034,850314,n:m,960967
5034,852130,n:m,
396,851420,n:1,
5833,852890,1:1,
HUMAN37130,856744,n:1,
64118,854895,1:1,1237363
260334,850506,n:1,
9097,850562,1:1,
1068,854431,n:1,
7298,854241,1:1,1204279
10403,854662,1:1,961193
3613,851881,n:m,
3613,856442,n:m,
84617,850506,n:1,
10939,856737,1:m,
10939,855114,1:m,961139
10650,851766,n:m,952788
10650,850865,n:m,
10650,850890,n:m,
81929,852778,1:1,961459
171586,852476,1:1,
4864,856101,n:1,1151120
143471,854119,n:1,
10982,856736,n:1,961224
55250,853114,1:1,1216733
HUMAN38241,850941,1:1,1195043
498,852177,1:1,1198486
51124,856806,n:1,1233389
51124,856806,n:1,
6139,853262,n:m,
6139,853674,n:m,1208826
6139,853262,n:m,1208827
6139,853674,n:m,
4200,853839,n:1,
2235,854347,1:1,784569
4677,856412,1:1,1184761
5205,851667,n:m,
5205,856913,n:m,
90701,854840,n:1,
23556,853690,1:1,1207371
9525,856303,n:1,
55748,850605,1:1,1210579
374868,854763,n:1,780294
80148,855022,1:1,
10907,856197,1:1,1164013
997,851624,1:1,
5434,852451,1:1,1240134
2879,852546,n:m,
2879,854855,n:m,1177816
2879,853842,n:m,
513,851560,1:1,
6209,854117,1:1,1244977
92840,856140,n:1,
51690,855575,1:1,1217102
26517,853093,1:1,
6449,854168,n:1,
7064,850301,n:1,
7089,850445,n:1,
83475,853534,1:1,960941
1938,851993,1:1,
25873,855232,1:m,
25873,855826,1:m,699681
9361,852259,1:1,1223148
56931,851117,1:1,1237360
5990,850873,1:1,
284427,852491,n:m,
284427,854672,n:m,
284427,854811,n:m,
284427,856712,n:m,
79085,855641,1:1,917385
10382,850506,n:1,
9322,856514,n:1,
56949,852025,1:1,961065
6813,851742,n:1,
115704,855230,1:1,
10469,854790,1:1,1239611
1994,850346,n:m,
1994,855728,n:m,
6234,850969,1:m,1243519
6234,854338,1:m,
9230,856753,n:m,961830
9230,852662,n:m,
4542,853729,n:m,
4542,855136,n:m,
59286,855767,1:1,941942
5300,853475,1:1,
HUMAN40558,854682,1:1,
56342,851907,1:m,
56342,856463,1:m,719002
8666,852039,1:1,960949
65095,855408,1:1,961109
10053,855869,n:1,
11018,851226,n:m,
11018,854181,n:m,
HUMAN41105,856465,1:1,1187461
30000,852305,n:1,1209373
439,851458,1:1,944560
7001,852064,1:m,
7001,854980,1:m,
10535,855652,1:1,1232820
2193,850522,1:1,1240529
5886,856674,n:1,
55621,851698,1:1,1236660
84245,856234,1:1,1199157
5566,853275,n:m,
5566,853688,n:m,
5566,855898,n:m,961318
3337,855725,n:1,963169
9524,851547,n:1,1176064
11283,852011,n:1,
66002,852011,n:1,
8529,852011,n:1,
7171,855645,n:1,
8907,855869,n:1,1221327
79939,853246,1:m,
79939,854484,1:m,
84705,855037,1:1,1162063
376497,852329,n:1,
25796,850437,1:m,
25796,853163,1:m,1229748
25796,856568,1:m,
25796,855769,1:m,
6142,855283,1:1,1195325
6528,856370,1:1,
51477,853288,1:1,1248325
7311,854658,1:1,961294
5976,855104,1:1,691037
54555,856574,1:1,961003
284439,856391,n:m,917328
284439,856121,n:m,
57130,856681,1:1,
9141,855096,1:1,1240824
11136,852946,n:m,
11136,856349,n:m,
56301,852946,n:m,
56301,856349,n:m,
5184,850556,1:1,1249423
26065,856247,n:1,
2821,852495,1:1,902699
10054,851998,1:1,
26330,853106,n:m,
26330,853395,n:m,
26330,853465,n:m,
1340,850727,1:1,1228042
5438,852810,1:1,1239692
284406,856316,1:1,
90522,855458,1:1,714871
22933,856092,n:1,912666
6183,855772,1:1,
54623,852582,1:1,
6217,851476,1:1,1204063
6829,854999,1:1,961004
2091,851548,n:1,
5704,852003,1:1,960914
79934,852758,n:1,
56915,852987,1:1,961469
6223,855414,1:m,1218256
6223,854028,1:m,
10567,855683,1:1,
2931,855409,1:1,
10452,855243,n:1,1214066
2068,856918,1:1,901415
6633,850981,1:1,
54814,850573,n:1,
5536,853023,1:1,1195465
805,852406,n:1,
1175,853521,n:1,1247164
10055,856310,1:1,784010
8775,852230,n:1,
29997,855957,1:1,961126
3978,851391,1:1,1189350
10945,852240,n:1,
83743,855161,1:1,960935
6141,855415,1:1,1251265
587,856615,n:m,1247720
587,853613,n:m,
2997,850569,n:m,1151939
2997,850962,n:m,
10856,855841,1:1,1249746
23521,854673,1:m,
23521,855655,1:m,1244283
6205,852337,1:1,1244565
6237,850392,n:1,
3276,852322,n:1,
160,852243,n:1,
9476,855949,n:1,
5424,851456,1:1,824449
90353,852661,1:1,
2109,853121,1:1,866853
5518,851217,n:1,
26121,852983,1:1,1150856
6203,852487,1:m,
6203,856024,1:m,1218543
112724,855540,n:1,
6795,855892,n:1,
10597,852556,n:1,1189468
6193,853587,1:1,
10998,852329,n:1,
27243,853868,1:1,675935
9040,851015,1:1,
26155,854381,1:1,1210782
29101,855499,n:1,
65220,855913,1:1,
2782,854387,n:1,961002
11079,850354,1:1,1209570
5192,851858,1:1,795406
8514,855385,n:m,
8514,856017,n:m,
6146,850509,n:1,
23463,852019,1:1,
2023,853169,n:m,1250150
2023,856579,n:m,
2023,855373,n:m,
2023,854575,n:m,
155184,851352,n:m,
155184,851943,n:m,
155184,851944,n:m,
155184,851946,n:m,
155184,851995,n:m,
155184,852108,n:m,
155184,852149,n:m,
155184,856640,n:m,
155184,850536,n:m,
155184,856492,n:m,
155184,856494,n:m,
155184,856496,n:m,
155184,853236,n:m,
155184,853216,n:m,
155184,853623,n:m,
155184,850770,n:m,
155184,855023,n:m,
155184,855398,n:m,
155184,855809,n:m,
155184,854009,n:m,
155184,854050,n:m,
6518,851352,n:m,
6518,851943,n:m,
6518,851944,n:m,
6518,851946,n:m,
6518,851995,n:m,
6518,852108,n:m,
6518,852149,n:m,
6518,856640,n:m,
6518,850536,n:m,
6518,856492,n:m,
6518,856494,n:m,
6518,856496,n:m,
6518,853236,n:m,
6518,853216,n:m,
6518,853623,n:m,
6518,850770,n:m,
6518,855023,n:m,
6518,855398,n:m,
6518,855809,n:m,
6518,854009,n:m,
6518,854050,n:m,
84275,852491,n:m,
84275,854672,n:m,
84275,854811,n:m,917351
84275,856712,n:m,
5226,853172,1:m,
5226,856589,1:m,1226822
6723,856182,1:1,1218077
2475,853529,1:m,
2475,853632,1:m,750844
4524,852752,1:1,844453
9249,851146,1:1,
284723,853739,n:1,
6390,850685,1:1,1185569
8659,856432,1:1,950126
51154,853860,1:1,1172923
54896,852444,1:m,
54896,854061,1:m,
832,854777,1:1,892503
978,850946,1:1,
HUMAN47879,856716,1:1,1166516
998,850930,1:1,961027
6920,852839,n:1,
6135,852976,1:m,
6135,856217,1:m,1250489
11313,850809,n:1,1197994
HUMAN48121,855316,1:1,
79947,852287,1:1,1250597
84243,850947,n:1,965428
54707,854436,1:1,1170248
23673,854201,n:1,780108
6118,855404,n:1,1241039
1104,852782,1:1,961252
51102,852314,1:1,728730
23633,855532,n:1,960960
8668,855177,1:1,960899
3065,855386,n:1,1193053
5928,856654,n:1,960961
204,851812,1:1,960832
5690,856731,1:1,1209124
27095,853942,n:1,1233017
10946,851531,1:1,1194738
51118,853762,1:1,1151014
54802,854448,1:1,
10487,855584,n:1,750958
10269,853581,1:1,745907
1503,852241,n:m,1250885
1503,853567,n:m,
79717,854726,1:1,1230275
6513,851352,n:m,
6513,851943,n:m,
6513,851944,n:m,
6513,851946,n:m,
6513,851995,n:m,
6513,852108,n:m,
6513,852149,n:m,
6513,856640,n:m,
6513,850536,n:m,
6513,856492,n:m,
6513,856494,n:m,
6513,856496,n:m,
6513,853236,n:m,
6513,853216,n:m,
6513,853623,n:m,
6513,850770,n:m,
6513,855023,n:m,
6513,855398,n:m,
6513,855809,n:m,
6513,854009,n:m,
6513,854050,n:m,
64834,851087,n:1,
9670,854331,n:1,
1802,853643,1:1,1246985
533,856421,1:1,1152268
6202,852206,1:1,1239889
8891,854434,1:1,
7389,851617,1:1,783890
10327,852446,n:m,
10327,851974,n:m,
10327,856504,n:m,
10327,853559,n:m,
10327,854287,n:m,
260293,855029,1:1,
51727,853844,n:1,961365
112970,853750,1:1,1163389
91408,856070,n:1,
2882,852546,n:m,
2882,854855,n:m,
2882,853842,n:m,1177817
HUMAN49941,851285,1:1,918629
54987,850452,1:1,1243331
7268,852452,1:1,923306
25973,856820,1:1,1245915
HUMAN50091,852088,n:1,961879
55277,851687,1:1,759017
51361,852794,n:1,
1573,852011,n:1,
29929,854163,1:1,676020
5236,853732,n:m,
5236,855131,n:m,
205,856917,n:1,961835
1491,851221,1:1,940324
127253,852832,1:1,1215077
5876,856306,1:1,1234970
4438,850545,1:1,1135878
10026,851931,1:1,673745
11080,855725,n:1,
5567,853275,n:m,
5567,853688,n:m,962672
5567,855898,n:m,
80135,856488,1:1,752540
2959,856201,1:1,709382
56267,853386,n:1,1144755
6125,855972,1:1,
50999,851226,n:m,1237760
50999,854181,n:m,
54874,856514,n:1,961581
199857,852362,1:1,
51375,853416,n:1,
178,856314,1:1,943561
54482,853995,1:1,1180599
148867,855284,n:m,
148867,854494,n:m,
51611,850869,1:1,1230345
6814,851742,n:1,
6301,851587,1:1,1212410
5686,853168,1:1,1218156
2773,856741,n:m,
2773,856394,n:m,
271,852587,1:1,
10390,856523,n:1,750360
27159,851977,n:1,963111
515,856027,1:1,
5906,853056,n:1,
829,853862,n:1,
HUMAN51449,854973,n:1,
6847,851879,1:1,
10905,853595,n:1,
10885,850820,1:1,960913
10352,851861,1:1,1245452
3158,854913,n:1,
9554,850973,1:1,795662
644591,851733,n:m,
644591,851898,n:m,
644591,856454,n:m,
644591,854897,n:m,
653598,851733,n:m,
653598,851898,n:m,
653598,856454,n:m,
653598,854897,n:m,
8360,852294,n:1,842605
723790,852283,n:m,
723790,851811,n:m,
723790,852283,n:m,
723790,851811,n:m,
8360,852294,n:1,
8338,852283,n:m,
8338,851811,n:m,
317772,852283,n:m,
317772,851811,n:m,
11311,852785,1:1,678909
55204,851978,n:1,
55793,855910,1:1,
58497,856608,1:1,1184162
5710,856607,1:1,1247483
5692,850611,1:1,1166432
HUMAN52283,852329,n:1,
5872,850543,n:1,
5872,850543,n:1,
6232,856415,n:m,1241940
6232,853700,n:m,
7170,855645,n:1,
80308,855216,1:1,948756
5313,851193,n:m,
5313,854529,n:m,
2224,853272,1:1,1236443
7203,853438,1:1,847241
128240,855521,1:1,1250285
8407,854549,1:1,
93183,853470,1:1,
477,851608,n:m,
477,851609,n:m,
477,851610,n:m,
480,851608,n:m,
480,851609,n:m,707443
480,851610,n:m,
1314,851410,1:1,960920
HUMAN53107,854459,1:1,784024
5202,856715,1:1,878543
4817,853316,1:1,952464
5498,856733,1:1,
84134,855243,n:1,
3310,851259,n:m,
3310,852203,n:m,
3310,856840,n:m,
3310,850636,n:m,
11266,854844,1:1,1168454
6675,851455,n:1,1225680
51478,850790,1:1,1239964
83540,854085,1:1,961178
25874,856567,1:1,
261726,856153,1:1,1238375
9588,852215,1:1,
55157,856000,1:1,1184758
2752,856147,1:1,1156277
7175,853970,1:1,961189
HUMAN53934,850864,n:1,
127124,856435,n:1,
779,853131,n:1,
55705,852610,1:1,1191766
10440,853298,n:1,
51094,852102,n:m,
51094,854160,n:m,
51706,854768,n:m,
51706,853707,n:m,
51706,854914,n:m,
51706,854887,n:m,
1116,851977,n:1,
1118,851977,n:1,
493,852878,n:1,
6635,854330,1:1,1247510
127845,855337,n:1,
5929,851265,1:1,813997
148811,853267,1:1,
115019,856111,n:1,
1510,855949,n:1,
1939,851695,1:1,1176886
5208,853286,n:1,820499
55432,850500,1:1,1238753
57172,854144,1:1,
3290,855266,n:1,
27042,854717,1:1,1240259
7779,855284,n:m,1188799
7779,854494,n:m,
1063,851727,n:1,965183
51018,856264,1:1,1231208
55532,855284,n:m,
55532,854494,n:m,
55699,856067,1:1,
4931,850625,1:1,961188
29097,852511,n:m,
29097,852826,n:m,1169414
3930,855441,n:1,
9725,850942,1:m,
9725,855308,1:m,
29920,856744,n:1,
3021,852295,n:1,
56997,852758,n:1,946387
375,851335,n:m,
375,851418,n:m,
2987,852065,1:1,1195768
92815,852283,n:m,
92815,851811,n:m,
23456,850885,n:m,
23456,855858,n:m,960891
9804,852973,n:1,1141074
9453,856036,1:1,
6905,856724,n:1,1243602
6905,856724,n:1,
56605,854909,n:1,736732
2271,855866,1:1,
8564,852179,1:1,663175
159,855501,n:1,1244863
1457,854776,n:1,961097
140809,853776,1:1,943515
2280,855587,n:1,
55968,852222,n:1,
10528,850894,1:1,1150855
3420,855691,n:1,1217812
3704,853532,1:1,1238393
5111,852385,1:1,1225807
8760,852317,n:1,
51605,855663,1:1,1247263
55304,851634,n:1,
11034,850676,n:1,
10621,855737,1:1,
10483,856311,n:1,
92675,851307,1:1,
51126,856249,1:1,1231553
51340,850808,1:1,960905
22803,854213,1:1,1186726
63908,852230,n:1,1217933
84532,851245,n:m,961776
84532,850846,n:m,
955,856669,n:1,
5834,856289,n:1,1154947
9837,851576,1:1,1220347
100101490,856725,n:1,
9777,851685,n:m,698601
9777,850772,n:m,
22919,856736,n:1,
128866,850712,n:1,672119
8894,855838,1:1,961676
191,856766,1:1,953976
83737,856862,n:1,698924
128869,851181,1:1,961034
55902,851245,n:m,
55902,850846,n:m,
2937,854108,1:1,875063
57644,856418,n:1,
3692,856126,1:1,1224948
51614,851256,n:1,889780
9054,850343,1:1,1181030
140823,856006,1:1,1179445
9584,853997,1:1,
9675,853834,1:1,1227324
140679,853457,1:1,961657
79913,855665,1:1,767169
7150,854156,n:1,961101
10955,851682,n:1,
100,855581,1:1,1172694
51604,856595,1:1,699650
11065,854517,1:1,828835
10005,853477,1:1,1232029
5476,852436,1:m,
5476,855343,1:m,1182170
51006,854970,1:1,859547
112858,853178,1:1,1222170
81031,851352,n:m,
81031,851943,n:m,
81031,851944,n:m,
81031,851946,n:m,
81031,851995,n:m,
81031,852108,n:m,
81031,852149,n:m,
81031,856640,n:m,
81031,850536,n:m,
81031,856492,n:m,
81031,856494,n:m,
81031,856496,n:m,
81031,853236,n:m,
81031,853216,n:m,
81031,853623,n:m,
81031,850770,n:m,
81031,855023,n:m,
81031,855398,n:m,
81031,855809,n:m,
81031,854009,n:m,
81031,854050,n:m,
10564,851748,n:1,
1434,852612,1:1,1221310
HUMAN57445,850652,1:1,961413
7335,852793,n:1,1216069
8813,856313,1:1,
27304,856511,1:1,784008
10079,854763,n:1,
5203,855569,1:1,
6790,855892,n:1,
8480,856844,1:1,
8675,854142,1:1,780104
51012,851766,n:m,
51012,850865,n:m,952786
51012,850890,n:m,
149986,856247,n:1,962375
5688,854119,n:1,1218162
26164,856573,1:1,
6227,853305,1:m,1251310
6227,853931,1:m,
55738,851372,1:1,1238874
10139,856056,n:1,953178
54963,855746,1:1,811898
24148,852344,1:1,960912
6919,852839,n:1,
102724159,850422,n:1,
102724560,853059,n:1,1193214
29104,851718,1:1,1236344
10694,853447,1:1,847240
6647,853568,1:1,1148126
2618,852617,1:1,1196492
539,851892,1:1,
54093,856346,1:1,
8208,854869,1:1,961795
102724560,853059,n:1,
8566,856683,1:m,945250
8566,855761,1:m,
56894,851581,n:1,
5822,850422,n:1,960932
5211,853155,n:m,
5211,855245,n:m,
7327,855036,1:1,828830
6612,852122,n:1,
4047,856470,1:1,1218857
27440,853944,1:1,
6576,852594,n:m,917338
6576,853558,n:m,
6576,854397,n:m,
6576,855969,n:m,
8218,852666,n:1,
8318,850793,1:1,1225556
5413,850358,n:m,
5413,856507,n:m,
5413,853539,n:m,
HUMAN59202,850358,n:m,
HUMAN59202,856507,n:m,
HUMAN59202,853539,n:m,770361
6545,852361,1:m,
6545,853104,1:m,
6545,853912,1:m,
HUMAN59374,851006,n:1,
29799,852231,n:1,770796
5594,852265,n:m,
5594,852931,n:m,
5594,856425,n:m,
5594,850803,n:m,
2687,851006,n:1,
6634,850839,n:1,738600
6634,850839,n:1,
2678,851006,n:1,
150274,852866,1:1,
162,853461,1:1,
23481,852995,1:1,1207896
23762,851286,1:1,822009
4733,851195,1:1,710169
9681,853603,1:1,1211485
4174,850980,1:1,1134256
4627,856418,n:1,961170
7263,854425,n:1,
4357,854425,n:1,939080
26088,856508,n:1,961464
57026,851362,n:1,
11015,852240,n:1,
10521,855611,1:1,
11144,856926,1:1,1192906
6122,854229,n:1,1251237
112268293,850967,n:1,
158,851073,1:1,1238060
10478,852491,n:m,
10478,854672,n:m,
10478,854811,n:m,
10478,856712,n:m,
63929,856811,1:1,1249421
9978,853986,1:1,
5905,855275,1:1,961251
HUMAN60797,851013,1:1,1248349
84844,856209,1:1,1251458
171568,853713,1:1,1232400
5372,850499,n:1,
2547,855328,1:1,808720
4809,856687,1:1,1245368
55964,850358,n:m,770360
55964,856507,n:m,
55964,853539,n:m,
1727,854768,n:m,
1727,853707,n:m,906872
1727,854914,n:m,
1727,854887,n:m,
27127,850540,n:1,
55687,851529,1:1,1191650
79087,855764,1:1,1234576
6300,852265,n:m,
6300,852931,n:m,
6300,856425,n:m,
6300,850803,n:m,
5600,852265,n:m,
5600,852931,n:m,
5600,856425,n:m,961225
5600,850803,n:m,
9997,852325,n:1,
26751,850580,1:m,961528
26751,856409,1:m,
52,856187,1:1,
55256,855021,1:1,1178810
6201,855628,1:m,
6201,854263,1:m,1251357
55821,854847,1:1,1156887
129642,854346,1:1,
285148,854293,1:1,
6241,853427,n:1,1219318
4953,853651,n:1,
79954,853048,1:1,1236399
7447,851979,n:1,
79677,851099,1:1,961125
57665,855540,n:1,
2281,855587,n:1,
375189,854289,1:1,
85465,856523,n:1,
56896,854845,n:1,
22924,856736,n:1,
4358,850953,1:1,
HUMAN62043,853535,1:1,1170250
64080,850402,1:1,929553
23160,852007,1:1,
51072,853464,1:1,
55622,855403,1:1,
253635,850976,1:1,
10153,851632,1:1,1226359
25797,850573,n:1,
130589,856617,1:m,925964
130589,855808,1:m,
5495,852224,1:1,
HUMAN62459,851558,n:1,
90423,854509,1:1,
805,852406,n:1,
4436,854063,1:1,1135876
2956,851671,1:1,1135874
494143,856910,n:1,821049
23198,850541,1:1,1251181
6233,850864,n:1,961030
4528,854135,1:1,
57223,855520,n:1,962560
5194,850888,1:1,1198866
7514,853133,1:1,1155518
10575,851412,1:1,847236
7360,853830,1:1,1225679
10097,851532,1:1,767163
56902,854317,1:1,1234495
5534,853644,n:1,960951
2673,853757,n:1,1203309
27247,853826,1:1,798862
22848,850785,1:1,
7072,855716,n:1,
6637,850528,1:1,1164603
525,852424,n:1,
113419,856587,1:1,907816
10199,853458,1:1,961259
23233,852618,n:1,1196438
6697,854853,1:1,
94097,854445,n:1,1204106
10574,853333,1:1,847242
51002,854972,1:1,788885
10797,853955,n:1,
7841,852857,1:1,697457
8802,854310,1:1,1250132
10618,853967,1:1,
4144,852113,n:m,1242240
4144,850877,n:m,
8673,851203,n:m,795664
8673,854505,n:m,
10713,850555,1:1,
25885,854519,1:1,1247540
51652,853825,n:1,
100526767,853825,n:1,675934
55258,850420,1:1,1193210
22934,854262,1:1,1238724
9391,851860,1:1,961255
23020,856919,1:1,1183786
23397,852180,1:1,
10120,856530,n:1,767167
25972,853901,1:1,
51601,853401,1:1,
10190,851764,1:1,1241743
9669,851196,1:1,961151
79031,854456,n:1,1237223
6160,851484,1:m,
6160,851122,1:m,1203060
9448,850334,1:1,
151011,851024,n:1,
84172,856119,1:1,1185729
6574,852599,1:1,
150472,855763,n:1,
80255,852048,1:m,
80255,854990,1:m,859529
10096,853528,n:1,767164
57628,856423,n:m,
57628,854394,n:m,955191
8886,855335,1:1,960964
130355,853949,1:1,795548
1622,852925,n:1,
HUMAN64613,854663,1:1,1239493
84084,850966,n:1,
92856,855649,1:1,752539
150786,850966,n:1,
7278,854915,n:m,
7278,854889,n:m,
4175,852673,1:1,1134259
1615,850643,1:1,1184762
8942,850933,1:1,1181034
10254,856387,n:1,
2820,854651,1:1,1246560
10213,850554,1:1,1246005
1803,856423,n:m,
1803,854394,n:m,
2191,856423,n:m,955145
2191,854394,n:m,
151258,856645,1:1,961143
8647,853671,n:1,
8520,856106,1:1,
HUMAN65607,852313,1:1,1248695
57703,853195,1:1,961529
54529,854877,1:1,
64172,851454,1:1,1249976
94101,852926,n:m,
94101,851064,n:m,1209868
26275,851606,1:1,
9330,852938,1:1,961183
23451,855332,1:1,736583
3329,850963,1:1,847235
3336,854185,1:1,1240084
92935,853081,1:1,
60491,852651,1:1,
7341,852122,n:1,
51602,854487,1:1,1150857
55759,854446,1:1,961081
1933,851260,1:1,1185461
130749,856533,n:1,
3417,851493,n:m,1217813
3417,850871,n:m,
3417,855723,n:m,
200576,850574,1:1,1231512
6120,853322,n:1,1247086
4632,852772,n:1,
1373,853573,1:1,1147681
471,850715,1:m,
471,855149,1:m,690872
6168,853557,1:1,1238665
10109,855771,1:1,942568
64114,855411,n:1,
6556,856447,n:m,
6556,850721,n:m,
6556,854027,n:m,
9125,855428,1:1,
84812,855860,n:1,
617,851981,1:1,759195
8576,855840,1:1,961180
7277,854915,n:m,
7277,854889,n:m,
23549,856513,1:1,1224198
130367,853307,n:1,
10056,850749,1:1,1190607
116255,854419,n:1,
2181,854808,n:m,
2181,855288,n:m,
2181,854495,n:m,961036
130340,853521,n:1,
8452,852886,n:1,1214897
51719,853646,n:1,675757
5707,854735,1:1,698904
189,850514,1:1,1235609
5510,853641,1:1,961118
3069,853365,1:1,
23192,855498,1:1,
1841,853520,1:1,1189655
84289,856490,n:1,
728294,851376,1:m,1152434
728294,856638,1:m,
56852,850430,1:1,1241090
10093,853856,n:1,1196060
HUMAN68349,853856,n:1,
55831,853628,1:1,1202289
HUMAN68472,850905,1:1,960927
491,852878,n:1,
10533,856576,1:1,1241480
6161,852185,1:1,912911
27258,851159,1:1,1164602
26061,856694,1:1,
285381,852207,1:1,
5868,853884,n:m,
5868,855631,n:m,
5868,854256,n:m,962125
6138,850716,1:m,1230259
6138,855150,1:m,
7155,855636,n:1,1249643
54995,856790,1:1,960831
201595,852862,n:1,942203
23171,851539,n:m,1177217
23171,854095,n:m,
10015,854449,1:m,960981
10015,856021,1:m,
4292,855203,1:1,959971
5333,855860,n:1,1134891
30,854646,1:1,
9942,853108,1:1,759018
11280,853131,n:1,
54977,851439,1:1,917337
3921,853128,1:m,1235446
3921,850737,1:m,
10289,855477,n:1,
51099,851703,1:1,
23395,851098,1:1,
22908,853668,1:1,1168818
51372,850967,n:1,1231835
5210,853286,n:1,
7384,850860,n:1,
65010,856111,n:1,
5576,854778,n:1,961817
788,852401,n:m,
788,854267,n:m,917325
788,854297,n:m,
788,856171,n:m,
HUMAN69931,855919,1:1,
3615,856626,n:m,1249784
3615,851152,n:m,
3615,854948,n:m,
5859,854339,1:1,1212031
2876,852546,n:m,
2876,854855,n:m,
2876,853842,n:m,
387,856294,1:1,961234
HUMAN70038,851582,n:1,
275,851582,n:1,1246559
29925,851504,1:1,960974
84315,852753,n:1,736042
10991,852189,n:m,
10991,856855,n:m,
11070,854043,1:1,873032
9136,856255,1:1,961020
57060,852533,1:1,
11344,852971,n:1,
80335,853851,1:1,961055
26354,856723,1:1,1207710
375346,855941,1:1,
91869,852261,1:1,789812
7086,852414,n:m,
7086,856188,n:m,1180062
776,853131,n:1,
93973,854309,1:1,1246434
26059,851018,n:1,
7871,853598,1:1,
57406,855801,1:1,
5162,852522,1:1,1180063
8309,852667,n:1,
9861,856223,1:1,674125
115286,855729,1:1,917327
8801,853159,n:1,
7110,853031,1:1,
9039,856179,1:1,
55164,854702,1:1,1188638
2632,856705,1:1,874075
25978,853825,n:1,
1371,851614,1:1,1193857
56954,851065,1:1,952461
9868,856517,1:m,
9868,855602,1:m,960938
6152,852852,1:m,
6152,853051,1:m,1235342
64422,855741,1:1,1175026
54762,850501,1:1,
10063,850651,1:1,
2932,855170,1:1,961141
2960,853840,1:1,1219668
54554,852472,n:1,962748
3836,855532,n:1,
201562,853348,n:1,
4171,852258,1:1,1134257
80325,854816,1:1,1211578
11343,853768,1:1,
29927,851095,n:1,1248050
8607,851771,1:1,1249747
6184,853455,1:1,
7879,855012,1:1,
7555,855466,n:1,
22820,855429,n:1,
27032,852709,1:1,707414
51560,850966,n:1,962123
55186,852491,n:m,917330
55186,854672,n:m,
55186,854811,n:m,
55186,856712,n:m,
54464,852702,1:1,1186727
5357,851707,n:1,
285195,852066,n:1,
57047,853563,n:1,
5359,853563,n:1,905955
1359,856533,n:1,
83939,852945,1:1,715028
9197,852521,1:1,960959
8833,855257,1:1,1248019
7881,855385,n:m,
7881,856017,n:m,
85476,850758,1:1,960826
10051,850775,1:1,960970
80117,856056,n:1,
151742,851558,n:1,962044
51068,856575,1:1,1154224
200916,850509,n:1,1141891
56648,853506,n:1,1221766
6514,851352,n:m,
6514,851943,n:m,
6514,851944,n:m,962200
6514,851946,n:m,
6514,851995,n:m,
6514,852108,n:m,
6514,852149,n:m,
6514,856640,n:m,
6514,850536,n:m,
6514,856492,n:m,
6514,856494,n:m,
6514,856496,n:m,
6514,853236,n:m,
6514,853216,n:m,
6514,853623,n:m,
6514,850770,n:m,
6514,855023,n:m,
6514,855398,n:m,
6514,855809,n:m,
6514,854009,n:m,
6514,854050,n:m,
254827,854430,1:1,
79718,852399,1:1,
59345,854387,n:1,
8975,852349,n:1,
54165,850819,n:1,
HUMAN73696,851797,1:1,961071
1173,854092,1:1,1221326
55324,850561,1:1,960862
10195,852196,1:1,
5708,856422,1:1,674793
5437,854399,1:1,1212443
1974,851584,n:m,
1974,853303,n:m,960885
5984,853531,1:1,
79572,854466,1:1,707423
55341,852779,1:1,1207709
HUMAN74143,853367,1:1,
5062,854036,n:1,
80235,854320,1:1,
6165,854409,1:m,
6165,855960,1:m,924058
10296,854710,1:1,1245995
8602,851407,1:1,960939
5522,852685,n:1,
93624,852059,n:1,
80273,854407,n:1,960854
56606,851352,n:m,
56606,851943,n:m,
56606,851944,n:m,
56606,851946,n:m,
56606,851995,n:m,
56606,852108,n:m,
56606,852149,n:m,
56606,856640,n:m,
56606,850536,n:m,
56606,856492,n:m,
56606,856494,n:m,
56606,856496,n:m,
56606,853236,n:m,
56606,853216,n:m,
56606,853623,n:m,
56606,850770,n:m,
56606,855023,n:m,
56606,855398,n:m,
56606,855809,n:m,
56606,854009,n:m,
56606,854050,n:m,
9948,855117,1:1,960943
64151,851925,1:1,1151789
1665,852757,1:1,1225069
55276,855321,n:1,
5981,854392,1:1,961100
6133,852730,1:m,
6133,855658,1:m,1238128
11019,854371,1:1,1247817
3093,851757,1:1,828840
23244,855099,n:1,
10396,851207,n:1,780295
285525,853082,n:1,
60558,850996,1:1,960821
57205,851667,n:m,
57205,856913,n:m,
80157,850376,1:1,761602
79644,854762,1:1,1176065
55858,852485,1:1,1148812
132954,854456,n:1,
5471,855346,1:1,1195247
6731,855891,1:1,
5431,854322,1:1,1185730
253017,851547,n:1,
285521,852953,1:1,1174664
HUMAN75903,853955,n:1,
55153,853160,1:1,1251542
55752,851024,n:1,
246175,854115,1:1,
84779,856404,n:1,
3184,853064,n:1,
9987,853064,n:1,
58478,856673,1:1,1192076
22872,851332,n:1,
HUMAN76252,855778,1:1,
1040,852317,n:1,1186946
4299,852405,n:1,
51170,855266,n:1,
1834,852897,1:1,
1758,855210,1:1,
5161,856925,n:1,
1977,854026,1:1,
23173,850945,1:1,1249420
128,851386,n:1,728729
127,851386,n:1,
124,851386,n:1,
125,851386,n:1,
126,851386,n:1,
93587,854060,n:1,674479
3015,854150,n:1,
5530,851153,n:m,1195468
5530,854946,n:m,
7323,852376,n:m,
7323,851631,n:m,
1062,851727,n:1,
27068,852296,1:1,
6164,854759,1:m,1137982
6164,856784,1:m,
64850,854025,n:1,
54433,856489,1:1,961119
79071,850400,n:m,
79071,853243,n:m,
2028,856443,n:m,
2028,853699,n:m,
57721,850303,1:1,855252
9871,856498,1:1,
4085,853422,1:1,
5393,851874,1:1,1222928
83447,852250,n:m,
83447,852380,n:m,
83447,855078,n:m,
132430,856912,n:1,
23657,852946,n:m,
23657,856349,n:m,
80155,851521,n:1,822311
7350,851063,n:1,
8467,852547,n:m,
8467,854480,n:m,
6059,851665,1:1,961013
11157,851984,1:1,
84068,855050,1:1,891625
6189,851162,1:m,
6189,854939,1:m,1212236
5188,852198,1:1,1198629
84057,852692,1:1,1197802
5356,855952,1:1,961061
2110,854538,1:1,663173
5481,850914,1:1,961008
92345,855599,1:1,963612
84076,852414,n:m,
84076,856188,n:m,
6307,852951,1:1,785950
1182,853497,n:1,1202778
51166,852672,1:m,
51166,856539,1:m,
3148,855094,n:1,
133121,856699,n:1,1161863
2180,856734,n:1,961999
291,852250,n:m,917343
291,852380,n:m,
291,855078,n:m,
6389,853405,1:m,
6389,853709,1:m,
11336,854742,1:1,947776
84246,856297,1:1,751995
54888,852257,1:1,961087
22948,853527,1:1,847237
134147,851248,1:1,
90441,852569,1:1,1245966
64083,851978,n:1,894002
6897,854732,1:1,
55299,854078,1:1,736688
134218,855495,1:1,961402
64902,854025,n:1,1192319
9631,852199,1:m,1181927
9631,856842,1:m,
5562,852088,n:1,
HUMAN78988,852111,1:m,
HUMAN78988,850882,1:m,1229525
3157,854913,n:1,920973
53918,855731,1:1,
493869,852546,n:m,1177818
493869,854855,n:m,
493869,853842,n:m,
23517,853397,1:1,1183785
79993,850400,n:m,
79993,853243,n:m,
27292,855862,1:1,
51194,855978,1:1,1179969
54557,854168,n:1,961199
57486,850301,n:1,
1022,851450,1:1,961044
102157402,851388,1:1,1240852
728340,850691,n:1,
8293,851473,n:1,822263
8293,851473,n:1,
2966,850691,n:1,1211036
3842,852305,n:1,
689,856070,n:1,
84135,855118,1:1,960945
84340,853342,1:1,961229
10412,856863,1:1,1183523
10788,855834,1:1,
6902,854439,1:1,698574
8546,853177,1:1,
1719,854411,1:1,
4437,850454,1:1,1135877
6228,853015,1:1,1251144
153339,1466516,1:1,1177731
902,856136,1:1,1237498
1070,854431,n:1,961341
2745,852124,1:1,
64167,856443,n:m,
64167,853699,n:m,
4012,856443,n:m,806351
4012,853699,n:m,
1105,856911,n:1,961220
23262,851126,1:1,1206565
83594,852813,1:1,
HUMAN80254,851125,1:1,1248253
7905,856140,n:1,
5229,852722,1:1,
100302736,852675,n:1,
1176,853429,n:1,
3295,853878,1:1,728733
5480,851733,n:m,
5480,851898,n:m,
5480,856454,n:m,
5480,854897,n:m,
28965,852329,n:1,961570
3094,851432,1:1,
HUMAN80614,856734,n:1,
23305,856734,n:1,
HUMAN80667,855471,n:1,
10111,855471,n:1,960999
3308,852467,n:m,961892
3308,855998,n:m,
7416,854692,n:m,
7416,855669,n:m,1225582
6500,851928,1:1,1183339
5515,851339,n:m,1195471
5515,851421,n:m,
7320,852822,n:1,
51128,855883,n:1,
10802,854697,1:m,770534
10802,855678,1:m,
9879,852539,1:1,
153328,852401,n:m,
153328,854267,n:m,
153328,854297,n:m,
153328,856171,n:m,
8697,856571,1:1,961243
2107,852440,1:1,
3313,856682,1:m,
3313,853503,1:m,960822
7322,852376,n:m,828837
7322,851631,n:m,
3035,856145,n:1,1249312
23438,856145,n:1,
83884,852401,n:m,
83884,854267,n:m,
83884,854297,n:m,
83884,856171,n:m,
8841,852681,1:1,
81555,853082,n:1,720007
51520,855943,1:1,1146508
5521,852685,n:1,
134266,854407,n:1,
6208,850397,1:m,
6208,853248,1:m,1190883
206358,853710,1:1,
9443,853985,1:1,1200379
54974,852908,1:1,852441
3161,854370,n:1,
345630,851548,n:1,
57222,851256,n:1,
51121,852922,n:m,
51121,851058,n:m,1220039
94081,854445,n:1,
84321,855468,1:1,961154
27166,851766,n:m,
27166,850865,n:m,
27166,850890,n:m,952787
54732,851264,n:m,
54732,852882,n:m,
54732,856510,n:m,
55651,851319,1:1,1245369
3182,853064,n:1,
85007,854025,n:1,
9945,853757,n:1,
10399,855143,1:1,960946
55770,851744,1:1,1199862
56897,855503,1:1,960828
7280,850506,n:1,
347733,850506,n:1,
8899,855783,1:1,
57128,856774,1:1,924423
10667,856160,1:1,1240530
83732,854286,1:1,1242284
51000,855832,n:1,
55003,853847,1:1,961844
54898,850400,n:m,
54898,853243,n:m,802644
10486,855584,n:1,
57380,856045,1:1,894310
7915,852291,1:1,
221613,852283,n:m,
221613,851811,n:m,
255626,852284,n:m,
255626,851810,n:m,
8360,852294,n:1,
8360,852294,n:1,
8335,852283,n:m,
8335,851811,n:m,
3018,852284,n:m,
3018,851810,n:m,
8360,852294,n:1,
8334,852283,n:m,
8334,851811,n:m,1236946
3017,852284,n:m,
3017,851810,n:m,
8360,852294,n:1,
HUMAN83402,852283,n:m,1236945
HUMAN83402,851811,n:m,
3013,852283,n:m,
3013,851811,n:m,
8360,852294,n:1,
8335,852283,n:m,
8335,851811,n:m,
8351,852295,n:1,
8360,852294,n:1,
8351,852295,n:1,
8351,852295,n:1,
8360,852294,n:1,
8969,852283,n:m,
8969,851811,n:m,
8360,852294,n:1,
85235,852283,n:m,
85235,851811,n:m,
8340,852284,n:m,1176474
8340,851810,n:m,
8969,852283,n:m,
8969,851811,n:m,
8351,852295,n:1,
8331,852283,n:m,
8331,851811,n:m,
8342,852284,n:m,
8342,851810,n:m,
8360,852294,n:1,
8360,852294,n:1,
8969,852283,n:m,
8969,851811,n:m,
8969,852283,n:m,
8969,851811,n:m,
8351,852295,n:1,
8360,852294,n:1,
8351,852295,n:1,
8969,852283,n:m,
8969,851811,n:m,
8348,852284,n:m,
8348,851810,n:m,1176473
2880,852546,n:m,
2880,854855,n:m,
2880,853842,n:m,
203068,850506,n:1,
2968,855981,1:1,1181294
394263,854173,1:1,
100507679,854836,1:1,
7919,851475,1:1,
534,856435,n:1,
HUMAN83988,854204,n:1,
HUMAN83991,854204,n:1,930189
4439,851401,n:1,1135879
HUMAN84049,851401,n:1,
7407,852986,1:1,1146506
57819,852255,1:1,1213861
3305,851259,n:m,
3305,852203,n:m,963811
3305,856840,n:m,
3305,850636,n:m,
3303,851259,n:m,
3303,852203,n:m,
3303,856840,n:m,
3303,850636,n:m,964271
3303,851259,n:m,
3303,852203,n:m,
3303,856840,n:m,
3303,850636,n:m,
6499,851114,1:1,1183788
1797,852646,1:1,1161693
10554,851508,n:1,
6293,852095,1:1,
6222,852061,1:1,1203759
9277,856815,1:1,1247643
10471,850897,1:1,1183118
6204,855270,1:m,
6204,854468,1:m,
4736,852742,1:1,960953
6732,855256,n:1,
1432,852265,n:m,
1432,852931,n:m,
1432,856425,n:m,
1432,850803,n:m,961074
5603,852265,n:m,
5603,852931,n:m,
5603,856425,n:m,
5603,850803,n:m,
5225,855949,n:1,
705,852549,1:1,1241806
89845,853198,n:1,
9533,856226,1:1,1237242
57510,851935,1:1,1214510
5429,852028,1:1,
55362,854070,1:1,
3326,855224,n:m,
3326,855836,n:m,
347734,855832,n:1,
8464,852001,1:1,1194958
22875,856699,n:1,
59084,856699,n:1,
5232,850370,n:1,1250730
HUMAN85169,856680,1:1,
26268,850786,1:1,780635
60481,850400,n:m,802641
60481,853243,n:m,
2729,853344,1:1,752675
5558,853821,1:1,789794
642489,855587,n:1,
25821,852616,1:1,1162052
1915,852415,1:1,
55754,850456,n:m,
55754,855784,n:m,909377
6785,851087,n:1,
5238,856652,1:1,1189056
4199,853839,n:1,1172722
9892,851051,1:1,
57038,851942,1:m,1243301
57038,856491,1:m,
23195,850796,1:1,961046
51805,854057,1:1,929905
892,855706,1:1,961215
10973,853187,1:1,1183787
9474,855954,1:1,945537
84816,855183,1:1,
55278,855338,1:1,863330
8724,854539,n:1,
246269,856658,1:1,1238032
HUMAN86063,855392,1:1,1168819
51362,851968,1:1,
262,854105,1:1,1133758
84154,853956,1:1,795360
3066,855386,n:1,
100128327,853942,n:1,
51389,851730,1:1,1202204
3841,855532,n:1,
57515,851682,n:1,1246183
51020,852777,1:1,
60487,853996,1:1,1218356
383,855993,n:1,
8417,854201,n:1,
6206,854551,1:1,1214167
9519,856891,1:1,708772
154091,851352,n:m,
154091,851943,n:m,
154091,851944,n:m,
154091,851946,n:m,
154091,851995,n:m,
154091,852108,n:m,
154091,852149,n:m,
154091,856640,n:m,
154091,850536,n:m,
154091,856492,n:m,
154091,856494,n:m,
154091,856496,n:m,961479
154091,853236,n:m,
154091,853216,n:m,
154091,853623,n:m,
154091,850770,n:m,
154091,855023,n:m,
154091,855398,n:m,
154091,855809,n:m,
154091,854009,n:m,
154091,854050,n:m,
5191,851720,1:1,960986
134637,853417,1:1,877640
25902,852378,n:m,
25902,853118,n:m,
55005,851876,1:1,1148265
79624,855042,1:1,
6648,856399,1:1,1246443
6950,851798,1:1,847238
56895,851581,n:1,
51660,852800,n:1,1199434
5689,852239,1:1,1240698
51608,854335,1:1,1242451
8379,852794,n:1,961351
29960,852741,1:1,1166748
8662,854543,1:1,715027
56903,853871,1:1,
26100,850577,n:1,
222962,851211,n:1,
5395,855642,1:1,
11014,852240,n:1,1175969
221823,852211,n:m,
221823,856836,n:m,
221823,856375,n:m,
340273,853671,n:1,
54205,856672,1:m,
54205,853507,1:m,808047
2617,852418,1:m,1251039
2617,856196,1:m,
23658,856889,1:1,
23080,850805,1:1,961620
HUMAN88498,851024,n:1,770359
27072,851653,1:1,
5683,854882,n:1,1218158
5683,854882,n:1,
51619,852376,n:m,
51619,851631,n:m,
28988,850450,1:1,
5224,853705,n:1,
5425,853462,1:1,1251470
HUMAN88765,850317,1:m,
HUMAN88765,850614,1:m,
HUMAN88765,852639,1:m,1141000
10652,853638,1:1,1221854
29881,856101,n:1,
54606,850982,1:1,960996
222068,851264,n:m,
222068,852882,n:m,
222068,856510,n:m,1237759
4967,854681,n:1,1250563
5478,851733,n:m,
5478,851898,n:m,
5478,856454,n:m,
5478,854897,n:m,
94239,854150,n:1,1236944
23480,851659,1:1,1214333
346288,851024,n:1,
908,851768,n:1,847243
51142,855014,1:1,1242847
435,856411,1:1,1238059
27297,853442,1:1,
HUMAN89183,850709,1:1,
55695,855709,1:1,961216
114049,850414,1:1,1196418
6804,855221,n:m,780106
6804,855844,n:m,
HUMAN89295,852919,1:1,955138
5982,854059,1:1,960921
3092,855478,n:1,
HUMAN89433,856438,1:1,910029
4191,853777,1:m,
4191,853994,1:m,1216172
2770,856741,n:m,
2770,856394,n:m,
346562,856741,n:m,
346562,856394,n:m,
5244,853671,n:1,
5243,853671,n:1,
55972,853173,n:1,917346
1595,856398,1:1,930619
5166,854769,n:m,
5166,852821,n:m,
57001,852123,1:1,936496
440,853025,1:m,
440,856268,1:m,957241
8295,856499,1:1,1251191
10095,852536,1:1,
8896,850427,1:1,960196
4176,852501,1:1,1134258
2783,854387,n:1,
56996,852537,1:1,962512
1174,850868,n:1,
346606,854419,n:1,1192595
51024,854745,1:1,1216568
5439,854157,n:1,
HUMAN90549,854157,n:1,
246721,854157,n:1,1240651
246721,854157,n:1,
222236,856001,1:1,
9512,850860,n:1,937089
5701,853712,1:1,960936
375611,856111,n:1,
5001,855460,1:1,
6733,855256,n:1,961314
54517,854417,1:1,1233040
5577,854778,n:1,
11062,851121,1:1,
5172,856111,n:1,
1811,856111,n:1,
1738,850527,1:1,1139991
83943,855051,1:1,829999
830,853862,n:1,945517
8976,854353,n:1,
136157,855499,n:1,1239074
55131,856063,1:1,961289
3614,856626,n:m,
3614,851152,n:m,1249781
3614,854948,n:m,
9296,852903,1:1,1203677
23534,854331,n:1,696848
7328,856704,1:1,828836
1358,856533,n:1,
51200,856533,n:1,
1357,856533,n:1,
26958,855429,n:1,1169263
60412,856168,1:1,780229
84912,856714,1:1,698765
231,852446,n:m,
231,851974,n:m,
231,856504,n:m,
231,853559,n:m,
231,854287,n:m,
57016,852446,n:m,
57016,851974,n:m,
57016,856504,n:m,
57016,853559,n:m,
57016,854287,n:m,
441282,852446,n:m,
441282,851974,n:m,
441282,856504,n:m,
441282,853559,n:m,
441282,854287,n:m,
6718,852446,n:m,
6718,851974,n:m,
6718,856504,n:m,855289
6718,853559,n:m,
6718,854287,n:m,
50617,855076,n:m,
50617,854444,n:m,
90956,855995,1:1,946384
27010,854314,1:1,
8454,851424,1:1,1214896
9601,850314,n:m,
9601,852130,n:m,
1020,856076,1:1,961043
10061,856758,n:1,961045
10061,856758,n:1,
6604,855757,n:1,
6009,850392,n:1,961048
57180,853528,n:1,
1804,856423,n:m,
1804,854394,n:m,
155435,852405,n:1,
55326,852330,1:1,
4482,856765,1:1,1136659
2222,856597,1:1,1227376
7991,854252,n:1,1218522
51201,852070,n:1,
526,852424,n:1,1198489
5533,851153,n:m,
5533,854946,n:m,
55909,850367,1:1,961149
9583,856722,n:1,861594
51312,853308,n:m,
51312,853926,n:m,917361
5520,852685,n:1,697204
55246,855162,1:1,1190468
55140,856019,1:1,1180985
23484,853502,1:1,780489
2936,856014,1:1,1139992
5516,851339,n:m,
5516,851421,n:m,
84549,851208,1:1,1206788
11212,852244,1:1,1215640
84513,851878,n:1,
3620,853541,n:1,
HUMAN93570,853541,n:1,785822
84296,852100,1:1,920229
7419,854692,n:m,
7419,855669,n:m,
HUMAN93766,856130,1:1,1134261
7336,852793,n:1,
6917,852839,n:1,961075
10434,850809,n:1,
29088,855436,1:1,1169512
6224,856371,1:1,1250932
137886,852222,n:1,
10565,851748,n:1,697147
57094,856533,n:1,758596
23471,856386,1:1,
6129,852804,1:m,
6129,855903,1:m,1226019
6921,856061,1:1,
3612,851881,n:m,1227835
3612,856442,n:m,
79752,855567,1:1,
92421,850712,n:1,
245972,851168,n:1,
HUMAN94623,856373,n:1,676440
54704,854257,n:1,
7381,852142,1:1,1231919
6156,852853,1:1,1229619
10247,854760,1:m,
10247,856785,1:m,
26986,850579,1:1,
83988,851979,n:1,
50484,853427,n:1,
51582,853651,n:1,
528,853782,1:1,1222224
81034,852491,n:m,
81034,854672,n:m,917336
81034,854811,n:m,
81034,856712,n:m,
HUMAN95087,852491,n:m,
HUMAN95087,854672,n:m,
HUMAN95087,854811,n:m,
HUMAN95087,856712,n:m,
HUMAN95093,850649,1:1,1204648
1807,854845,n:1,
56943,1466445,1:1,
84294,854165,1:1,1227442
79075,850344,1:1,1226348
28998,854321,1:1,1248817
83940,852225,1:1,
6713,853086,1:1,663176
116447,854156,n:1,
HUMAN95916,856744,n:1,
26873,853665,1:1,
54512,853109,1:1,
8733,850777,1:1,
1537,854231,1:1,1249048
51236,853099,1:1,1241870
23246,855068,1:1,1212723
29894,851895,1:1,670848
51160,856040,1:1,1209283
6132,850590,1:1,
55871,855763,n:1,
50808,856917,n:1,
10171,854152,1:1,1185253
26953,855356,n:1,
2731,855227,1:1,783722
10670,854918,n:1,1191516
6194,852479,1:1,1209740
4507,850704,1:1,1246934
1993,850346,n:m,
1993,855728,n:m,
3301,855661,n:1,
51510,852097,1:1,672117
4799,855708,1:1,
360,856322,1:1,
65083,852982,1:1,
2592,852306,1:1,1145124
25822,855725,n:1,
7415,851431,1:1,960917
7016,855897,1:1,
7169,855645,n:1,
9380,855447,1:1,1249069
64425,855473,1:1,1247282
158234,854060,n:1,
51010,854023,1:1,670924
219,856804,n:m,
219,855205,n:m,
219,855206,n:m,
219,854556,n:m,
219,856044,n:m,
220869,855763,n:1,
220869,855763,n:1,1198984
220869,855763,n:1,
5239,853732,n:m,1189059
5239,855131,n:m,
5568,853275,n:m,
5568,853688,n:m,
5568,855898,n:m,
23137,854123,1:1,960947
9615,851360,1:1,1209158
216,856804,n:m,
216,855205,n:m,950136
216,855206,n:m,
216,854556,n:m,
216,856044,n:m,
138199,855632,1:1,
54981,855594,1:1,
23230,850619,n:1,
9630,856741,n:m,
9630,856394,n:m,
2776,856741,n:m,1245106
2776,856394,n:m,
29968,854356,1:1,1235608
7091,850445,n:1,
414328,851835,1:1,1161933
60560,856657,1:1,1242507
10558,855342,1:1,957338
3376,852202,1:1,1146509
8789,851092,n:1,
2203,851092,n:1,1152920
3293,852456,n:1,
11046,852647,1:1,
85365,852815,1:1,818910
5535,853644,n:1,
10592,850589,1:1,960842
5887,856674,n:1,674267
8518,851100,1:1,959222
7295,853123,n:m,
7295,850732,n:m,
255220,853123,n:m,
255220,850732,n:m,
23392,856355,1:1,878531
22949,854908,n:1,
401548,853416,n:1,
9128,856307,1:1,960948
81932,855160,1:1,955163
210,852842,1:1,1250275
54107,852260,1:1,962656
9550,856435,n:1,1244110
5695,854328,1:1,1240699
11224,851336,1:1,1174505
81873,854748,1:1,
5537,851513,n:m,1195464
5537,851647,n:m,
5537,855766,n:m,
3309,853418,1:1,960925
29988,851352,n:m,
29988,851943,n:m,
29988,851944,n:m,
29988,851946,n:m,
29988,851995,n:m,
29988,852108,n:m,
29988,852149,n:m,
29988,856640,n:m,
29988,850536,n:m,
29988,856492,n:m,
29988,856494,n:m,
29988,856496,n:m,
29988,853236,n:m,
29988,853216,n:m,
29988,853623,n:m,
29988,850770,n:m,
29988,855023,n:m,
29988,855398,n:m,
29988,855809,n:m,
29988,854009,n:m,
29988,854050,n:m,
6136,852026,1:1,1189788
6812,851742,n:1,678910
138428,856596,1:1,
2356,854415,1:1,916905
203,853844,n:1,
51117,851785,1:1,767839
10999,852329,n:1,
81605,854809,1:1,1171975
2021,853222,1:1,1190389
883,853386,n:1,
HUMAN98769,853386,n:1,
57171,852924,1:1,
1384,854965,n:1,
5524,855951,1:1,675972
28989,852564,1:1,909336
23048,856514,n:1,
23413,851979,n:1,961142
445,854096,1:1,
10585,853608,1:1,961005
6130,856352,1:m,
6130,850682,1:m,1197478
6834,853009,1:1,
6836,853201,1:1,1235567
11182,851352,n:m,
11182,851943,n:m,
11182,851944,n:m,
11182,851946,n:m,
11182,851995,n:m,
11182,852108,n:m,
11182,852149,n:m,
11182,856640,n:m,
11182,850536,n:m,
11182,856492,n:m,
11182,856494,n:m,
11182,856496,n:m,
11182,853236,n:m,
11182,853216,n:m,
11182,853623,n:m,
11182,850770,n:m,
11182,855023,n:m,
11182,855398,n:m,
11182,855809,n:m,
11182,854009,n:m,
11182,854050,n:m,
8019,851115,1:1,962188
11091,852472,n:1,
23203,856419,1:1,937090
10555,851508,n:1,
8721,854474,1:1,1236002
91373,851455,n:1,
11253,853595,n:1,825572
27158,856161,1:1,910030
10383,850506,n:1,674821
4512,854598,1:1,961073
4513,854622,1:1,1179812
4508,854601,1:1,
4514,854627,1:1,961084
4519,854583,1:1,1192277
293,852250,n:m,
293,852380,n:m,
293,855078,n:m,
207063,854420,n:1,
5613,853275,n:m,
5613,853688,n:m,
5613,855898,n:m,
8226,853833,1:1,
1183,853497,n:1,
3052,851192,1:1,1245408
5634,852211,n:m,1219720
5634,856836,n:m,
5634,856375,n:m,
10597,852556,n:1,
5277,855928,1:1,818911
8905,850868,n:1,1247163
56474,852241,n:m,
56474,853567,n:m,1250886
5931,856654,n:1,
5160,856925,n:1,1240967
1964,855302,n:1,1174609
1968,856746,n:1,960931
5422,855621,1:1,824450
139420,855520,n:1,
5009,853357,1:1,1250860
347411,852800,n:1,
7317,853670,1:1,784006
24140,852353,1:1,1166750
7454,854353,n:1,961601
10245,853298,n:1,672081
778,853131,n:1,
389856,855263,n:1,
1184,853497,n:1,
23708,851752,n:1,
8243,850540,n:1,961012
3028,851444,1:1,
90121,851154,1:1,1215862
5207,853286,n:1,
27301,852262,1:1,
212,851818,1:1,957339
10325,854918,n:1,
286451,852676,1:1,
158835,854419,n:1,
139562,856373,n:1,
3476,855043,n:1,1239202
347516,854419,n:1,
158833,854419,n:1,
56159,854737,1:1,
29934,854539,n:1,861698
6191,856610,n:1,1228215
645974,854497,n:1,
645974,854497,n:1,974092
4674,853922,n:1,
389874,855466,n:1,
6567,853659,n:m,
6567,855598,n:m,
6567,854030,n:m,
6567,854483,n:m,
22,855347,1:1,960890
158866,852070,n:1,
HUMAN101376,854252,n:1,
538,851862,n:1,
5230,850370,n:1,
441531,853705,n:1,
140886,856912,n:1,
29935,855404,n:1,
1678,853600,n:1,
HUMAN101536,856544,n:1,1241517
100529097,856544,n:1,
5631,852211,n:m,
5631,856836,n:m,1219718
5631,856375,n:m,
5716,853147,1:1,961235
HUMAN101831,854808,n:m,961544
HUMAN101831,855288,n:m,
HUMAN101831,854495,n:m,
57529,853616,1:1,
79868,852835,1:1,744051
5358,851707,n:1,
292,852250,n:m,
292,852380,n:m,917374
292,855078,n:m,
7319,852822,n:1,828833
8450,852886,n:1,
28985,856725,n:1,1231272
2747,851237,n:m,
2747,854557,n:m,
6594,852547,n:m,
6594,854480,n:m,961057
51114,850947,n:1,
10813,854881,n:1,961058
HUMAN102307,852066,n:1,
HUMAN102422,851666,n:1,
3149,855094,n:1,
1069,854431,n:1,
50814,852883,1:1,961172
492,852878,n:1,
10134,851487,1:1,
215,853647,n:m,964480
215,855956,n:m,
26576,855256,n:1,
3421,855691,n:1,
HUMAN102769,856404,n:1,1231556
6134,850764,1:1,
2664,856876,n:1,1209905
HUMAN102922,855480,1:1,1195422
1736,850872,1:1,1244220
7411,852969,1:1,1251402
6192,856610,n:1,
8653,854379,1:m,
8653,855984,1:m,
9086,855302,n:1,
140032,856610,n:1,